{
    "anims": [
        {
            "key": "right",
            "type": "frames",
            "repeat": -1,
            "frameRate": 10,
            "frames": [
                {
                    "key": "markedr",
                    "frame": "$maskeddr_6"
                },
                {
                    "key": "markedr",
                    "frame": "$maskeddr_7"
                },
                {
                    "key": "markedr",
                    "frame": "$maskeddr_8"
                }
            ]
        },
        {
            "key": "left",
            "type": "frames",
            "repeat": -1,
            "frameRate": 10,
            "frames": [
                {
                    "key": "markedr",
                    "frame": "$maskeddr_3"
                },
                {
                    "key": "markedr",
                    "frame": "$maskeddr_4"
                },
                {
                    "key": "markedr",
                    "frame": "$maskeddr_5"
                }
            ]
        },
        {
            "key": "down",
            "type": "frames",
            "repeat": -1,
            "frameRate": 10,
            "frames": [
                {
                    "key": "markedr",
                    "frame": "$maskeddr_0"
                },
                {
                    "key": "markedr",
                    "frame": "$maskeddr_1"
                },
                {
                    "key": "markedr",
                    "frame": "$maskeddr_2"
                }
            ]
        },
        {
            "key": "up",
            "type": "frames",
            "repeat": -1,
            "frameRate": 10,
            "frames": [
                {
                    "key": "markedr",
                    "frame": "$maskeddr_9"
                },
                {
                    "key": "markedr",
                    "frame": "$maskeddr_10"
                },
                {
                    "key": "markedr",
                    "frame": "$maskeddr_11"
                }
            ]
        }
    ]
}